creator_id,creator_name,category,region,followers_total,followers_gained,views,watch_time_minutes,mentions,avg_sentiment,avg_engagement_rate,avg_growth_rate,peak_spike_score,creator_performance_score,stream_impact_score,trend_momentum_index
cr_002,Kai North,Lifestyle,EU,241508,1508,140400,414180.0,4932,0.4775,0.06592758161906657,0.00026102054366015183,1.3363062095621219,77.52,63.53,42.62
cr_005,Zuri Flux,Sports,NA,74903,2903,201600,685440.0,5322,0.6041666666666666,0.07860995544033615,0.0016485025802275635,1.3363062095621219,68.96,91.42,53.61
cr_001,Ava Blaze,Gaming,NA,181314,1314,142341,407499.0,9320,0.6358333333333334,0.06494004702431565,0.00030310776778692637,1.9566023129848558,66.38,73.14,48.02
cr_004,Noah Vector,Tech,APAC,96891,1891,181200,588900.0,4404,0.5175,0.07436802278181202,0.0008215766774189361,1.3363062095621219,61.13,80.17,46.78
cr_003,Mila Orbit,Music,LATAM,126700,1700,168170,527555.9999999999,6468,0.7075,0.06872063993026074,0.0005630063667834897,1.9944019903802548,61.04,78.68,38.07
